{
    "bursts": {
        "Caleb et al. in prep": [
            58732.006088,
            58736.148574074105,
            58736.1656666667,
            58736.1656805556,
            58736.1669270833,
            58736.184833333304,
            58736.200212963,
            58736.211569444415,
            58736.21167361111,
            58736.2352083333,
            58736.240648148094,
            58736.247870370404,
            58736.254212962995
        ],
        "Chatterjee et al. 2017": [
            57623.74402000001,
            57633.67986,
            57633.695159,
            57638.149937,
            57643.457302,
            57645.42958,
            57646.46599999999,
            57648.436914,
            57649.45179
        ],
        "Gajjar et al. 2017": [
            57991.49905,
            57991.51723,
            57991.53535,
            57991.55354,
            57991.57166,
            57991.58976,
            57991.60787000001,
            57991.62598,
            57991.64409,
            57991.66219
        ],
        "Gouiffes et al. 2019": [
            58729.0
        ],
        "Gourdji et al. 2019": [
            57644.411070948474,
            57644.41412264149,
            57644.416313742695,
            57644.43016916545,
            57644.43017041143,
            57644.43224169366,
            57644.43879398608,
            57644.43884419445,
            57644.44358902582,
            57644.446787095105,
            57644.447726499675,
            57644.44991454222,
            57644.45160444572,
            57644.45447648041,
            57644.457882214025,
            57644.4662212854,
            57644.468094375414,
            57645.41108794247,
            57645.411650660666,
            57645.413643746644,
            57645.41746634889,
            57645.417896457526,
            57645.420264948974,
            57645.42245398207,
            57645.424144819124,
            57645.42890382268,
            57645.43062147963,
            57645.43147735197,
            57645.44081363295,
            57645.4444799426,
            57645.444918501846,
            57645.447641274346,
            57645.44880185599,
            57645.44998606113,
            57645.44998636648,
            57645.45342520157,
            57645.45363806537,
            57645.462105667626,
            57645.464187553625,
            57645.47444723043
        ],
        "Gpurdji et al. 2019": [
            57644.41487777281
        ],
        "Hardy et al. 2017": [
            57769.68811,
            57769.7023,
            57769.76396,
            57772.6649,
            57772.688,
            57772.758,
            57772.762,
            57772.78400000001,
            57778.6885,
            57778.75627000001,
            57778.75627000001,
            57778.79919299999,
            57803.69291000001
        ],
        "Hessels et al. 2019": [
            57364.2046326656,
            57638.465971623096,
            57638.4675640004,
            57640.4138405217,
            57641.4594528637,
            57641.4645632098,
            57642.4715691734,
            57642.475464961,
            57644.4110709268,
            57646.417314121296,
            57646.4278138709,
            57647.296491944806,
            57648.4307890113,
            57648.4581115606,
            57649.333721471914,
            57649.4281585259,
            57927.5700691158,
            57928.7263586936
        ],
        "Josephy et al. 2019": [
            58441.40194104
        ],
        "Law et al. 2017": [
            57623.74402686,
            57633.67986367,
            57633.69515938,
            57638.49937435,
            57643.45730263,
            57645.42958602,
            57646.466006500006,
            57648.436914900005,
            57649.45175697
        ],
        "Li et al. 2019": [
            58724.0,
            58725.0,
            58726.0
        ],
        "Lovell": [
            57473.8466898148,
            57611.4529513889,
            57625.246712962995,
            57625.247662037,
            57636.489606481504,
            57758.1626157407,
            57762.1553472222,
            57763.9756597222,
            57768.1594791667,
            57769.143333333304,
            57771.954803240704,
            57771.958773148086,
            57779.9575347222,
            57779.9783912037,
            57781.7707175926,
            57781.771319444415,
            57785.9733796296,
            57787.8220486111,
            57787.8449537037,
            57791.9422106482,
            57791.9468402778,
            57797.926712962995,
            57797.9300462963,
            57798.8721296296,
            57805.9594907407,
            57821.7853240741,
            57821.7894907407,
            57826.8415972222,
            57826.845833333304,
            57826.85190972219,
            57826.862280092595,
            57826.865949074105
        ],
        "Luo et al. 2019": [
            58732.00608796
        ],
        "Marcote et al. 2017": [
            57651.41147725,
            57651.418573099996,
            57651.41909248,
            57651.45205666
        ],
        "Michilli et al. 2018": [
            57747.1295649013,
            57747.1371866766,
            57747.1462710273,
            57747.1515739398,
            57747.15446749191,
            57747.1602892954,
            57747.1603436945,
            57747.1658277033,
            57747.1663749941,
            57747.175967433795,
            57748.1256436428,
            57748.1535244366,
            57748.15521493121,
            57748.1576076618,
            57748.1756968287
        ],
        "Oostrum et al. 2020": [
            58434.875313559,
            58434.889509584005,
            58434.894775566,
            58434.947599142004,
            58434.966276185995,
            58434.973174287996,
            58435.990826444,
            58436.040343160996,
            58436.051467039004,
            58436.054576797,
            58436.107672326,
            58436.110830017,
            58436.121982835,
            58436.123751681,
            58436.132117748,
            58436.192189901,
            58436.235117617995,
            58436.237531175,
            58436.242119138,
            58436.919260205,
            58436.96430937,
            58436.991334107,
            58437.05164334701,
            58437.89945554701,
            58437.924610245,
            58437.993893047,
            58441.030569350994,
            58450.903309477995,
            58450.97455411,
            58714.25542915701
        ],
        "Pearlman et al. 2019": [
            58732.7277199
        ],
        "Scholz et al. 2016": [
            57339.356046005574,
            57345.44769125009,
            57345.452487925155,
            57345.45759530381,
            57345.46241310657,
            57364.204632665605
        ],
        "Scholz et al. 2017": [
            57647.23234645061,
            57647.232346883015,
            57649.173812898174,
            57649.21821322657,
            57765.04952634577,
            57765.06479321295,
            57765.06904750232,
            57765.10082784961,
            57765.100827859285,
            57765.108680842015,
            57765.12077820247,
            57765.12077820478,
            57765.13649860876,
            57765.143337535264
        ],
        "Spitler et al. 2016": [
            56233.282837007995,
            57159.737600835,
            57159.744223619,
            57175.69314323201,
            57175.699727825995,
            57175.742576706,
            57175.742839344006,
            57175.743510388,
            57175.745665832,
            57175.747624851,
            57175.748287265
        ],
        "Spitler et al. 2018": [
            57620.392218422,
            57620.394074525,
            57620.399630199005
        ]
    }
}